{
  "accuracy": [
    0.8633663654327393,
    0.9920791983604431,
    1.0,
    1.0,
    1.0,
    1.0,
    1.0,
    1.0
  ],
  "loss": [
    0.362832248210907,
    0.04248233884572983,
    0.0018722661770880222,
    0.0005958426045253873,
    0.00033178855665028095,
    0.00023182279255706817,
    0.000166699945111759,
    0.00012233316374477
  ],
  "precision": [
    0.8273615837097168,
    0.9935064911842346,
    1.0,
    1.0,
    1.0,
    1.0,
    1.0,
    1.0
  ],
  "recall": [
    0.9407407641410828,
    0.9916666746139526,
    1.0,
    1.0,
    1.0,
    1.0,
    1.0,
    1.0
  ],
  "val_accuracy": [
    0.971563994884491,
    1.0,
    1.0,
    1.0,
    1.0,
    1.0,
    1.0,
    1.0
  ],
  "val_loss": [
    0.14924253523349762,
    0.0060596042312681675,
    0.0011093446519225836,
    0.0005424965056590736,
    0.00032993327477015555,
    0.0002191831881646067,
    0.00015120662283152342,
    0.00010921362263616174
  ],
  "val_precision": [
    1.0,
    1.0,
    1.0,
    1.0,
    1.0,
    1.0,
    1.0,
    1.0
  ],
  "val_recall": [
    0.8333333134651184,
    1.0,
    1.0,
    1.0,
    1.0,
    1.0,
    1.0,
    1.0
  ]
}