{
  "accuracy": [
    0.803960382938385,
    0.9856435656547546,
    0.998019814491272,
    1.0,
    1.0,
    1.0,
    1.0,
    1.0
  ],
  "loss": [
    0.3966834545135498,
    0.06476253271102905,
    0.008823179639875889,
    0.00028376848786138,
    0.00018596222798805684,
    0.0001361355243716389,
    0.00010430935071781278,
    7.902522338554263e-05
  ],
  "precision": [
    0.8547717928886414,
    0.9747064113616943,
    0.9963099360466003,
    1.0,
    1.0,
    1.0,
    1.0,
    1.0
  ],
  "recall": [
    0.7629629373550415,
    0.9990741014480591,
    1.0,
    1.0,
    1.0,
    1.0,
    1.0,
    1.0
  ],
  "val_accuracy": [
    0.9099525809288025,
    0.9573459625244141,
    1.0,
    1.0,
    1.0,
    1.0,
    1.0,
    1.0
  ],
  "val_loss": [
    0.3416326344013214,
    0.03995184972882271,
    0.00023213145323097706,
    0.00012362722191028297,
    8.569810597691685e-05,
    6.140422192402184e-05,
    4.609765892382711e-05,
    3.562815982149914e-05
  ],
  "val_precision": [
    0.6545454263687134,
    0.800000011920929,
    1.0,
    1.0,
    1.0,
    1.0,
    1.0,
    1.0
  ],
  "val_recall": [
    1.0,
    1.0,
    1.0,
    1.0,
    1.0,
    1.0,
    1.0,
    1.0
  ]
}