{
  "accuracy": [
    0.71089106798172,
    0.8900989890098572,
    0.9742574095726013,
    0.9995049238204956,
    1.0,
    1.0,
    1.0,
    1.0
  ],
  "loss": [
    0.5966207981109619,
    0.3161033093929291,
    0.08437518030405045,
    0.009182301349937916,
    0.0014457048382610083,
    0.00083542475476861,
    0.0006344158900901675,
    0.00022575465845875442
  ],
  "precision": [
    0.8351351618766785,
    0.8885869383811951,
    0.958110511302948,
    0.9990749359130859,
    1.0,
    1.0,
    1.0,
    1.0
  ],
  "recall": [
    0.5722222328186035,
    0.9083333611488342,
    0.9953703880310059,
    1.0,
    1.0,
    1.0,
    1.0,
    1.0
  ],
  "val_accuracy": [
    0.879146933555603,
    0.9336493015289307,
    1.0,
    1.0,
    1.0,
    0.9976303577423096,
    1.0,
    1.0
  ],
  "val_loss": [
    0.3283948004245758,
    0.11759703606367111,
    0.011354371905326843,
    0.0006051543168723583,
    0.00022311763314064592,
    0.002335364231839776,
    0.00011236080899834633,
    3.9030077459756285e-05
  ],
  "val_precision": [
    0.7837837934494019,
    0.7200000286102295,
    1.0,
    1.0,
    1.0,
    0.9863013625144958,
    1.0,
    1.0
  ],
  "val_recall": [
    0.4027777910232544,
    1.0,
    1.0,
    1.0,
    1.0,
    1.0,
    1.0,
    1.0
  ]
}