{
  "accuracy": [
    0.8277227878570557,
    0.9816831946372986,
    0.9965346455574036,
    0.9975247383117676,
    1.0,
    1.0,
    1.0,
    1.0
  ],
  "loss": [
    0.36487066745758057,
    0.0721539855003357,
    0.015423936769366264,
    0.008139418438076973,
    0.0007899404154159129,
    0.0003911972453352064,
    0.0002654254203662276,
    0.00023845759278628975
  ],
  "precision": [
    0.7886435389518738,
    0.9685534834861755,
    0.993560254573822,
    0.9972248077392578,
    1.0,
    1.0,
    1.0,
    1.0
  ],
  "recall": [
    0.9259259104728699,
    0.9981481432914734,
    1.0,
    0.9981481432914734,
    1.0,
    1.0,
    1.0,
    1.0
  ],
  "val_accuracy": [
    0.9407582879066467,
    0.9573459625244141,
    1.0,
    1.0,
    1.0,
    1.0,
    1.0,
    1.0
  ],
  "val_loss": [
    0.12749063968658447,
    0.10313542187213898,
    0.0005735245067626238,
    0.0017412181477993727,
    0.00028324994491413236,
    0.0002315145975444466,
    0.00012335895735304803,
    7.553828618256375e-05
  ],
  "val_precision": [
    0.7422680258750916,
    0.800000011920929,
    1.0,
    1.0,
    1.0,
    1.0,
    1.0,
    1.0
  ],
  "val_recall": [
    1.0,
    1.0,
    1.0,
    1.0,
    1.0,
    1.0,
    1.0,
    1.0
  ]
}